Designator,Footprint,Quantity,Value,LCSC Part #
"C1, C3, C6",0402,3,0u1 16V,C1525
"C2, C4, C5, C7",1206,4,10u 25V,C15850
C8,0805,1,0u1 100V,C28233
D1,0805,1,PWR_LED,C84256
D2,D_DO-41_SOD81_P10.16mm_Horizontal,1,1N4007,
D3,0805,1,DBG_LED,C84256
"FID1, FID2, FID3",Fiducial_1.5mm_Mask3mm,3,Fiducial,
"H1, H2, H3, H4",MountingHole_3.2mm_M3_Pad_Via,4,MountingHole_Pad,
H5,MountingHole_2.2mm_M2,1,MountingHole,
"J1, J11, J16, J18",JST_XH_B2B-XH-A_1x02_P2.50mm_Vertical,4,01x02 JST XH,
"J10, J12, J17, J8",Molex_KK-254_AE-6410-04A_1x04_P2.54mm_Vertical,4,01x04 Molex KK254,
"J13, J14",PinSocket_1x22_P2.54mm_Vertical,2,01x22 Generic socket,
J15,PinHeader_1x04_P2.54mm_Vertical,1,01x04 Generic header,
"J19, J20",PinSocket_1x06_P2.54mm_Vertical,2,01x06 Generic socket,
"J2, J3",JST_XH_B3B-XH-A_1x03_P2.50mm_Vertical,2,01x03 JST XH,
J4,PinSocket_1x07_P2.54mm_Vertical,1,01x07 Generic socket,
"J5, J6",PinSocket_1x08_P2.54mm_Vertical,2,01x08 Generic socket,
J7,JST_XH_B4B-XH-A_1x04_P2.50mm_Vertical,1,01x04 JST XH,
J9,TerminalBlock_TE_282834-2_1x02_P2.54mm_Horizontal,1,282834-2 Screw Terminal,
"JP1, JP2",SolderJumper-3_P2.0mm_Open_TrianglePad1.0x1.5mm,2,Jumper,
Q1,TO-220-3_Vertical,1,RFP12N10L,
R1,0805,1,4k7,C17673
"R2, R3, R6",0805,3,10k,C17414
R4,0805,1,470R,C17710
R5,0805,1,1k,C17673
U1,TO-220-3_Horizontal_TabDown,1,LM7805,
U2,SO-8_3.9x4.9mm_P1.27mm,1,MAX6675ISA+T,C16030
